epoch,step,train_loss,train_acc,train_ppl,train_te,val_loss,val_acc,val_ppl,val_te,sav_version
0,734,1.8421736459478695,0.684727629369119,40.457665558132625,0.48625122223450185,0.5783050813172993,0.8707961763713368,1.7969798145647289,0.15943106243705382,1
1,1468,0.29945995153133487,0.9356949696027563,1.3564727901699443,0.12960548567041918,0.3490591108014709,0.902745626622059,1.4244060872085649,0.0919345437761536,2
2,2202,0.1803595927982954,0.9502961494650277,1.1988029431264686,0.07727747494144646,0.28838692840776947,0.9083455985166433,1.3370318063015236,0.08441667208630899,3
