epoch,step,train_loss,train_acc,train_ppl,train_te,val_loss,val_acc,val_ppl,val_te,sav_version
0,734,1.9980954264749948,0.6452636021864778,43.54311935483837,0.5084792936497001,0.5436135569685384,0.8730760415275176,1.7305742094477221,0.1770244021634855,1
1,1468,0.44363068362916197,0.8932291222903594,1.5692848221332876,0.1608600502685417,0.3045551427885106,0.9094991165740931,1.3581979723620818,0.09674258488453609,2
2,2202,0.31178294968783693,0.9080126066304847,1.3690048775692423,0.1103112904835123,0.2665732397060645,0.9127455891155758,1.3080034014418138,0.09223307158355269,3
