epoch,step,train_loss,train_acc,train_ppl,train_te,val_loss,val_acc,val_ppl,val_te,sav_version
0,734,1.9405593923229612,0.6563137291801837,31.60792878856445,0.5049463794889794,0.5153969518448177,0.880022507054545,1.6823627349971424,0.16843469333264457,1
1,1468,0.4416613737349614,0.8936268994858008,1.566350719284792,0.16160948974769365,0.2877851367781037,0.9139772100884102,1.3357030367245404,0.0852738010677759,2
2,2202,0.3086871506204722,0.9086642740112019,1.3647939046094737,0.10949668029066685,0.25647885548441035,0.9125374353020402,1.2940569597122977,0.07789132432725164,3
3,2936,0.25705387993469553,0.9166475315779531,1.2952162599351884,0.08943362405291395,0.21963862663036898,0.9217982131043134,1.2475813243902671,0.0698496652803902,4
4,3670,0.20309977748048078,0.9332005563318951,1.2268703901687859,0.07437788971597033,0.12178334466328747,0.9606239752702483,1.1304188635206913,0.045667008470045144,5
5,4404,0.1174377386308496,0.9672246281549705,1.1257482753110297,0.05418405725818555,0.08113210052741986,0.9787168833350565,1.0854519311185764,0.03339160189259853,6
6,5138,0.0962513594403457,0.9744548937693335,1.1020628617068446,0.04980262277707585,0.08913823192645061,0.9752898764021122,1.0944404617697816,0.04514414029942134,6
