epoch,step,train_loss,train_acc,train_ppl,train_te,val_loss,val_acc,val_ppl,val_te,sav_version
0,734,1.9403038527968794,0.6564856320218972,37.32064527236882,0.5025255951491416,0.5184010079032496,0.8813540008188735,1.683858193136779,0.15949234257962108,1
1,1468,0.46256207611807687,0.8889852088529027,1.6001722591420717,0.16883699280984105,0.3139114642613812,0.9064708864655524,1.3714079492326836,0.09628203075303683,2
2,2202,0.3226292525755612,0.9058652193803843,1.3841604304419193,0.11180673299982925,0.28314800991823796,0.906874812572338,1.3303073602592979,0.08047798629385867,3
3,2936,0.27560130025612883,0.911861827293531,1.3198496034560032,0.09272656354401737,0.23726309463381767,0.9174742976946441,1.2705063294606174,0.06545244021708949,4
4,3670,0.2383032284311605,0.9202630913144475,1.2711415271881397,0.08151310798072682,0.18040371999928825,0.9374770516004599,1.1990944040723823,0.06158670258687938,5
5,4404,0.16670436684133572,0.9477745756252337,1.183137259710151,0.06481175427933386,0.09937929813014834,0.9690527819333257,1.1056377579021446,0.03944404960138711,6
