epoch,step,train_loss,train_acc,train_ppl,train_te,val_loss,val_acc,val_ppl,val_te,sav_version
0,734,1.9995124132984017,0.6498013992392103,48.59400228492601,0.5087775875781273,0.5325792533786673,0.8785258439826656,1.7137929054097256,0.15029546326307344,1
1,1468,0.4589831072441239,0.8902250597985899,1.5949013454702554,0.1681855982911949,0.3144649502478148,0.9075328828853708,1.3727883592621302,0.0843409564313691,2
2,2202,0.326547215964229,0.9049411441282093,1.3896084387146355,0.11489703208134634,0.2652005506189246,0.9114572305204154,1.3057462889021416,0.08268292469511733,3
3,2936,0.27545326948165894,0.9109578678553749,1.3194850022568954,0.09276652816403126,0.24382698418278442,0.9148718244593881,1.277932286088144,0.06920665530112122,4
4,3670,0.237433600825656,0.9189671219098621,1.2698902919930322,0.07907116184609994,0.19788033005438352,0.9280996090095557,1.2197649370841641,0.06514112090653523,5
5,4404,0.17980735936793385,0.9418209115491436,1.1987739680251681,0.06673537326487707,0.11819236637338211,0.9627427882162373,1.1264685325530877,0.05335156539771677,6
