epoch,step,train_loss,train_acc,train_ppl,train_te,val_loss,val_acc,val_ppl,val_te,sav_version
0,1494,2.3782367521181325,0.6075369042017437,37.50236331065729,0.5905145091734378,0.765574974843434,0.8466244530909529,2.2245235928519964,0.2251844965191207,1
0,2988,1.4941242671306114,0.7402216381424929,19.6871563727411,0.40615044254689286,0.3861684994754337,0.9009830457854953,1.4841742979971264,0.11348008489474014,2
0,4482,1.1245306504192973,0.7934465943916162,13.616742357424771,0.3175010677075484,0.30380321258590337,0.9086204326294437,1.3616262711073919,0.09183556972514818,3
0,5976,0.9206102098945473,0.8223226972033135,10.553829231112298,0.2651397061014147,0.25731911815348124,0.9138675207069571,1.2969676117978768,0.07696716237872413,4
0,7470,0.7878883637438018,0.8413839370459204,8.702106213629364,0.22993156472563517,0.2168580446072987,0.9234320571019844,1.2447063349000886,0.0790027150786779,5
