epoch,step,stage,train_loss,train_acc,train_ppl,train_te,val_loss,val_acc,val_ppl,val_te,sav_version
0,1245,0,3.8026477007502053,0.315546953438755,124.04468037960815,0.7196884354058971,3.2166433843170723,0.3410310822773755,40.028495405028444,0.5722310060898141,1
0,2490,0,3.179552739020811,0.3547437798067269,77.16639444896995,0.5964317488688364,2.3116159709851916,0.4147244585238821,22.37425596710868,0.4128390912814217,2
