epoch,step,stage,train_loss,train_acc,train_ppl,train_te,val_loss,val_acc,val_ppl,val_te,sav_version
0,1245,0,3.2845363334479583,0.38209375965400033,104.16418771701584,0.6760746145142299,4.474169366970295,0.039264834024072666,49.92038470450628,0.8166502145928968,1
0,2490,0,2.409935911089541,0.4713247219647819,75.76185626701188,0.4960418663848238,5.974526218524793,0.0022117800828887193,60.47914530710006,0.8592768829139413,1
