epoch,step,stage,train_loss,train_acc,train_ppl,train_te,val_loss,val_acc,val_ppl,val_te,sav_version
0,1245,0,3.7981631441767436,0.30011637214244763,139.34288625200494,0.7333690501799205,3.3044579763238024,0.3414173901565676,29.114383263087973,0.5666468070491744,1
0,2490,0,3.2287142279157677,0.33445477543178287,83.38827669934872,0.6161101819705183,2.9625578638983936,0.29347985740599597,24.56967088878862,0.4865969142292196,2
