epoch,step,stage,train_loss,train_acc,train_ppl,train_te,val_loss,val_acc,val_ppl,val_te,sav_version
0,1245,0,3.781154509241801,0.3001195757359022,131.75946177824667,0.7335706360318455,3.3296437939492667,0.3414173901565676,29.67863558610083,0.651013389132825,1
0,2490,0,3.2093435718352534,0.3353656104050194,79.91832764343702,0.615004570292403,2.899363570460459,0.3579525831269055,24.510360782393136,0.3965042639772792,2
