epoch,step,stage,train_loss,train_acc,train_ppl,train_te,val_loss,val_acc,val_ppl,val_te,sav_version
0,3735,4,3.3799305612622814,0.33985445048166574,46.20593121986493,0.6404909077482706,2.361520562346522,0.41082519455786354,12.966232038696614,0.3920009537501796,1
0,7470,4,2.849229194154063,0.3748973016248005,28.571032714616788,0.5245517220573263,2.2200216886471646,0.41861025111799083,11.04549274618921,0.34659755170013085,2
0,11205,4,2.6329899765454674,0.39082136826171787,22.28427004778399,0.47518081234974335,2.0977459458519174,0.4433907659173516,9.744433258511743,0.3180483646799547,3
0,14940,4,2.477784157988218,0.4061276806572701,18.71592932163763,0.44220767205510547,2.0375575384140743,0.45479178195559866,9.283734582612814,0.2942003078279096,4
0,18675,4,2.370987547225901,0.4171758668661587,16.468114579379673,0.41969396666748,1.9049986348544978,0.4743248430824142,7.975720583091065,0.29406473806661576,5
0,22410,4,2.288890148714577,0.42866778661486904,14.885684140833503,0.40277035543105183,1.8199689025009615,0.5117762970939705,7.30533081208103,0.28049954105086167,6
1,26145,4,1.7814302095283336,0.5225920747025632,6.341858452617854,0.3019026910511397,1.7550465295007445,0.5336104006820127,6.8499881693240825,0.26986156870527006,7
