epoch,step,stage,train_loss,train_acc,train_ppl,train_te,val_loss,val_acc,val_ppl,val_te,sav_version
0,3735,3,3.1349551182993287,0.3591423939854145,39.37814529099938,0.6030628617308061,2.2320412367377727,0.4478403834058361,11.24549961915158,0.3923124892699266,1
0,7470,3,2.391585330770836,0.4876215098222228,22.653446071415996,0.4635486571413809,1.0816928766821288,0.793574641791453,3.480478415549731,0.14770194081747728,2
0,11205,3,1.9360548282111132,0.5937533983790845,16.091377420375906,0.3735413159445814,0.9262481952081829,0.8250326886639802,2.9585280942479724,0.11686156552871248,3
0,14940,3,1.680609055297322,0.6519674660356275,12.731077448240327,0.32120200369519686,0.896646554981771,0.8296442943307771,2.849548048746702,0.11310724170717933,4
0,18675,3,1.5204138595240821,0.6876401472854677,10.693893713100396,0.28775307129990524,0.8676098841040031,0.8314649456646753,2.76618626279073,0.1122967768014791,5
0,22410,3,1.4082724177015513,0.7121784121929808,9.322591634756312,0.26420945825132114,0.8701103592560002,0.833179421846815,2.7979647030870236,0.10069057541075752,5
1,26145,0,2.3709028858412284,0.3850436862675872,13.969740057189897,0.3819174147204132,2.1307390426334583,0.4323201806495448,10.816608220286657,0.2974002406370028,5
