epoch,step,stage,train_loss,train_acc,train_ppl,train_te,val_loss,val_acc,val_ppl,val_te,sav_version
0,3735,3,3.3554722415076363,0.34098877357303814,48.93266957657972,0.6319863096567941,2.45788930600877,0.40585177786198157,14.195732814467892,0.40250252556584626,1
0,7470,3,2.821322097532561,0.3789362712682158,29.773782214643358,0.5198069614829931,2.2876394787969523,0.4251073606498274,12.091914853555265,0.32425278994543455,2
0,11205,3,2.5867661613058375,0.39841385587982253,22.819898516688273,0.468380577694539,2.016226221185709,0.45560363609737414,8.8885397155775,0.33340388665167536,3
0,14940,3,2.434181286643946,0.4134763907762084,19.05067283207907,0.4358850238269764,1.9349852607142917,0.46582461071528763,8.207029504572775,0.30216000722248587,4
0,18675,3,2.328061951544071,0.42572927958150414,16.680874829279873,0.4135360021292264,1.8412882230556438,0.49923754144102267,7.46525990010276,0.2877281869878032,5
0,22410,3,2.2439725471681276,0.43952329075963587,15.001674551993633,0.39625317649720637,1.7775925150543201,0.5261607903656333,6.981693950405079,0.2784866249222432,6
1,26145,4,1.798149318055315,0.5200380947568692,6.52387111784985,0.3036265738061539,1.750979437026061,0.5358730673184806,6.789732721569483,0.2788014986793858,7
