epoch,step,stage,train_loss,train_acc,train_ppl,train_te,val_loss,val_acc,val_ppl,val_te,sav_version
0,3735,4,3.4850393434764553,0.3304877060324632,55.197868029619464,0.6518916745921753,2.3773026446365018,0.41558842546243324,12.886012453630121,0.4534121550597021,1
0,7470,4,2.940016940032622,0.3654466825635877,33.47631385512966,0.5370011966358306,2.2733142151348833,0.40586302500476734,11.489662871377044,0.4000422027457722,2
0,11205,4,2.7056763541214384,0.3839187479082999,25.65984121038951,0.4858465802677079,2.1305347362335723,0.44165405304474953,10.144105341034656,0.3213590191789058,3
0,14940,4,2.549638848571254,0.3987756363997657,21.38534438356719,0.4529880171087949,2.0431996658046585,0.4496669308574879,9.273272230392331,0.3019809984301528,4
0,18675,4,2.441245042470245,0.4094673224146586,18.702096916263226,0.43026391730898966,1.9704448999929391,0.45815468173944823,8.553097051950934,0.29788683453755493,5
0,22410,4,2.3612987599272857,0.417956286953369,16.855752544755976,0.4137109820999597,1.8933348697073855,0.4758056826849733,7.833459888599895,0.3021016114351969,6
1,26145,0,1.863403284770649,0.4912553982423449,6.860170393713692,0.3157755773593197,1.8148857584716163,0.5125931371964786,7.275192233350598,0.2841206406957992,7
