epoch,step,stage,train_loss,train_acc,train_ppl,train_te,val_loss,val_acc,val_ppl,val_te,sav_version
0,3735,3,3.0367522490551195,0.38997796062297835,42.16805713914842,0.5994889936840934,1.7817303228250994,0.5314412755111537,6.936381788281591,0.2818036466141934,1
0,7470,3,2.3318235040269544,0.46182649296372386,23.77481323629768,0.4548551696130841,1.3511749709680005,0.565501261992025,4.23546783224876,0.22272903732384108,2
0,11205,3,1.9614955373184855,0.5116294990259144,17.026969369366252,0.3794120528499897,0.7163515633965248,0.7876199202495454,2.1505562720071905,0.12129260603807226,3
0,14940,3,1.6306311390306576,0.5917296013321582,13.256400775225266,0.3154810924648615,0.3973485679826738,0.9076553614506383,1.5264300959073938,0.048447401824495716,4
0,18675,3,1.3881591015024837,0.6537103536095636,10.912397621130212,0.26801777834213847,0.3514754132521825,0.9193566941390233,1.449472702482015,0.03837790549182271,5
0,22410,3,1.2173647798926954,0.697139533744739,9.335456520553631,0.23431122919732386,0.3232222452509685,0.9270360861503341,1.4074759385240867,0.03034549993088102,6
1,26145,5,2.425525198628305,0.39935622418916195,13.032944729664596,0.3940194284464975,2.177239187567585,0.41952149182398935,10.404460729532708,0.3635522580555433,6
