epoch,step,stage,train_loss,train_acc,train_ppl,train_te,val_loss,val_acc,val_ppl,val_te,sav_version
0,3735,3,3.367774176118843,0.3382139834308076,47.4148084617154,0.6368732203114034,2.4026992838406365,0.4088316640589294,13.144612107163047,0.461596477935085,1
0,7470,3,2.8532289878112405,0.37497275147770043,29.303761077049423,0.5255350635832129,2.231235218448188,0.4175680134738982,11.047985482569125,0.3822892317928386,2
0,11205,3,2.640389963060232,0.39031226791361323,22.813841469882064,0.4769955844723388,2.1058247703618442,0.4393693923899198,9.900090816255737,0.3238535263514464,3
0,14940,3,2.4956592736553795,0.40463509845425616,19.221282252195923,0.4457526044771974,2.046113984081056,0.45306682064357623,9.39632700169842,0.29311015750479996,4
0,18675,3,2.3932311627057343,0.41509612755085257,16.937936067219077,0.42393744171661324,1.9377644274818542,0.46692195028807076,8.265797725056515,0.297417970233766,5
0,22410,3,2.3168551163155287,0.4238917638030278,15.349720784799501,0.4078575566651937,1.8787207923983,0.4811717911089934,7.737621447101983,0.2970990988475656,6
1,26145,4,1.835227754450344,0.5053138368430057,6.704741288589771,0.31102458427504504,1.7816350866055144,0.5242144782275917,7.080377093398983,0.27166426339733285,7
