epoch,step,stage,train_loss,train_acc,train_ppl,train_te,val_loss,val_acc,val_ppl,val_te,sav_version
0,3735,1,3.3813637198214552,0.3442028841759596,49.21262037580321,0.6432525932083593,2.6376290931490702,0.3944955592236232,17.48628540840025,0.444994865579893,1
0,7470,1,2.825737240228308,0.3803473785534017,30.006672666865327,0.5269388927872631,2.1040076602059954,0.4297955746810845,10.384162088526002,0.3610850769243294,2
0,11205,1,2.579125048176937,0.4000174609028947,22.971796514068778,0.47137803755167207,1.9834881070276693,0.45786497827126066,9.393913812420728,0.31113022838490073,3
0,14940,1,2.4223430866298266,0.41829635691256745,19.175672497960978,0.43680622289977,1.856183644153979,0.4949805515453472,8.075248217871655,0.3080090509450631,4
0,18675,1,2.3125823994046715,0.43278931606829685,16.777616327657597,0.4128573921427345,1.8306627330390848,0.507344646880581,8.11495455631611,0.2673173823138553,5
0,22410,1,2.2279386112488897,0.44492534854700333,15.096460113477384,0.39475122672366586,1.7203442742586317,0.5319675180526482,7.27120601664022,0.2642833899788958,6
1,26145,1,1.7327174306588247,0.527346798275289,6.186575161630324,0.290673881095152,1.7308871259360163,0.5359650688323236,7.255554925537706,0.26314819623819835,6
