epoch,step,train_loss,train_acc,train_ppl,train_te,val_loss,val_acc,val_ppl,val_te,sav_version
0,459,2.0458110098875166,0.07034593592805127,40.38554540298684,0.4984702424292248,0.4685031672318776,0.09566953977414744,1.6022099548611932,0.12831217517083285,1
