epoch,step,train_loss,train_acc,train_ppl,train_te,val_loss,val_acc,val_ppl,val_te,sav_version
0,459,1.9950618256281145,0.035796385322600786,44.56778373152024,0.4863112681232066,0.35705995249251526,0.048567184025193555,1.4332341682047895,0.1023435170871329,1
